{"format_version":"1.21.80","minecraft:lighting_settings":{"description":{"identifier":"minecraft:default_lighting"},"directional_lights":{"orbital":{"sun":{"illuminance":{"0.000000":100,"0.050000":100,"1.000000":100,"0.313846":0,"0.684230":0,"0.950000":100},"color":{"0.717949":[255,133,133],"0.242908":[255,127,0],"0.140811":[255,173,81],"0.216944":[255,155,82],"0.314561":[255,154,154],"0.269504":[255,127,0],"0.506998":[255,105,0],"0.801062":[255,173,81],"1.000000":[255,190,120]}},"moon":{"illuminance":{"0.750000":0,"0.000000":0,"0.200000":0,"1.000000":0,"0.225000":0.4000000059604645,"0.735000":0.4000000059604645},"color":{"0.000000":[163,182,255],"1.000000":[163,182,255]}},"orbital_offset_degrees":{"0.3317307692307694":20.572401264331965}},"flash":{"color":[228,93,255],"illuminance":10}},"emissive":{"desaturation":0.326},"ambient":{"color":[244,226,204],"illuminance":0.019999999552965164},"sky":{"intensity":0.8974000001698732}}}