{"format_version":"1.21.90","minecraft:color_grading_settings":{"description":{"identifier":"minecraft:default_color_grading"},"color_grading":{"midtones":{"contrast":[1.3,1.1,1.1],"gain":[1.2,1,1],"gamma":[2.200000047683716,2.200000047683716,2.200000047683716],"offset":[0,0,0],"saturation":[1.0499999523162842,1.0499999523162842,1.0499999523162842]},"highlights":{"enabled":false,"highlightsMin":1,"contrast":[1.2999999523162842,1.2999999523162842,1.2999999523162842],"gain":[1,1,1],"gamma":[2.200000047683716,2.200000047683716,2.200000047683716],"offset":[0,0,0],"saturation":[1.2,1.0499999523162842,1.0499999523162842]},"shadows":{"enabled":false,"shadowsMax":1,"contrast":[1.2999999523162842,1.2999999523162842,1.2999999523162842],"gain":[1,1,1],"gamma":[2.200000047683716,2.200000047683716,2.200000047683716],"offset":[0,0,0],"saturation":[1.0499999523162842,1.0499999523162842,1.0499999523162842]},"temperature":{"enabled":true,"temperature":5774,"type":"color_temperature"}},"tone_mapping":{"operator":"aces"}}}