{"format_version":"1.21.40","minecraft:atmosphere_settings":{"description":{"identifier":"minecraft:default_atmospherics"},"sky_zenith_color":{"0":[117,144,185],"0.28885268781389495":[171,102,106],"0.35256":[0,0,0],"0.64488":[0,0,0],"0.7008928571428571":[95,100,116]},"sky_horizon_color":{"0":[150,166,198],"0.12687442857142855":[154,133,191],"0.217114":[243,184,149],"0.239274":[255,187,163],"0.276382":[136,108,108],"0.361464":[168,168,238],"0.47322757142857147":[0,0,0],"0.5812955449567522":[0,0,0],"0.654508":[144,144,238],"0.706861":[223,187,237],"0.748744":[255,211,179],"0.786432":[226,213,191],"0.830049":[183,189,198]},"rayleigh_strength":{"0":15.666666666666666,"1":14.666666666666666,"0.11195892058454247":9.555555555555555,"0.22321428571428573":2.3333333333333335,"0.330402":1.8888888888888888,"0.6362397142857142":1.6666666666666667,"0.7531262857142857":1.7777777777777777,"0.9203814285714286":11.777777777777779},"sun_mie_strength":{"1":0,"0.04464503696986607":0,"0.13303843906947546":0,"0.22143238612583666":0,"0.3642857142857143":0,"0.4973214285714286":0,"0.625":0,"0.8":0},"moon_mie_strength":{"1":2.088888888888889,"0.004464830671037946":1.7333333333333334},"sun_glare_shape":{"1":0,"0.004464830671037946":0.1111111111111111,"0.11964285714285716":0,"0.2410714285714286":0,"0.3642857142857143":0.1111111111111111,"0.5196428571428572":0,"0.6741071428571429":0,"0.8446428571428573":0},"horizon_blend_stops":{"min":{"0":0.20666666666666667,"0.9768529821325231":0.2},"start":{"0":0.800000011920929,"1":0.800000011920929,"0.23146868583622726":0.49777777777777776,"0.300912":0.25,"0.75":0.25,"0.827004":0.5},"mie_start":{"0.800000":1,"0.000000":0.5,"0.900000":0.5,"0.100000":0.5,"0.200000":1,"1.000000":0.5},"max":{"0":0.2011111111111111,"1":0.20333333333333334}}}}
