{"format_version":"1.21.40","minecraft:atmosphere_settings":{"description":{"identifier":"minecraft:default_atmospherics"},"sky_zenith_color":{"0":[87,128,186],"0.199685":[76,109,157],"0.35256":[23,24,27],"0.64488":[40,40,40],"0.800315":[85,124,180]},"sky_horizon_color":{"0":[182,192,212],"0.09562497352818079":[175,184,207],"0.2123432478376157":[148,239,242],"0.2904102692871131":[249,117,109],"0.3876492008231042":[107,116,135],"0.48834189411272383":[168,168,238],"0.5545098306710383":[84,89,158],"0.654508":[144,144,238],"0.706861":[223,187,237],"0.7679792062988282":[83,117,157],"0.8340368621651806":[255,179,179],"0.900982147879467":[226,213,191],"0.9773709735281809":[183,189,198]},"rayleigh_strength":{"0":12.555555555555555,"1":13.666666666666666,"0.138743":10,"0.25":5,"0.33933111638532365":3.888888888888889,"0.640704":4.111111111111111,"0.717412":5,"0.92931":10},"sun_mie_strength":{"0.0223236083984375":0,"0.2":0,"0.31160768781389486":0,"0.4":0,"0.6":0,"0.7330362592424667":0,"0.8758928571428573":0,"0.9910719735281808":0},"moon_mie_strength":{"0":0.8,"1":0.5333333333333333},"sun_glare_shape":{"1":1.2222222222222223,"0.008929116385323661":2.6666666666666665,"0.1642857142857143":1.5555555555555556,"0.2857142857142857":1.740437167386214,"0.4133928571428572":1.1111111111111112,"0.6133928571428572":1.1111111111111112,"0.7205362592424669":1.3833333340783913,"0.8669642857142857":1.3333333333333333},"horizon_blend_stops":{"min":{"1":0.015555555555555555,"0.023148713288483797":0.013333333333333334},"start":{"0.009260954680266205":0.7066666785875956,"0.25":0.5,"0.300912":0.25,"0.75":0.25,"0.827004":0.5,"0.995370935510706":0.6022222341431511},"mie_start":{"0":0.5,"1":0.5,"0.1":0.5,"0.2138888888888889":0.903999996185303,"0.8":1,"0.9":0.5},"max":{"1":0.2833333333333333,"0.004630194769965278":0.2833333333333333}}}}