{"format_version":"1.21.80","minecraft:water_settings":{"description":{"identifier":"minecraft:default_water"},"particle_concentrations":{"chlorophyll":0.33,"suspended_sediment":3.3,"cdom":0.40499999999999997},"caustics":{"enabled":true,"frame_length":0.09000000357627869,"texture":"/misc/caustics_vertical.png","scale":0.5,"power":1},"waves":{"enabled":true,"frequency":0.7246099998299033,"octaves":25,"depth":0.504,"sampleWidth":0.009999999776482582,"speed":1.2587499998044223,"pull":0.16399999999999992,"mix":0.158,"frequency_scaling":1.2000000476837158,"speed_scaling":1.0299999713897705,"direction_increment":29.52,"shape":1.5}}}
